LinkedInInflencer,RecommendedAccount
BillGates,Beckenthal
AdamGrant,Bueno
GaryVaynerchuk,idea_hotel
IndraNooyi,Shoemate
AriannaHuffington,Hooper
IndraNooyi,Mema
IndraNooyi,Cooper
GaryVaynerchuk,Chotam
KatieCouric,Beckenthal
ArneSorenson,Bueno
BillGates,idea_hotel
AdamGrant,Shoemate
SaraBlakely,Hooper
ArneSorenson,Beckenthal
BillGates,Bueno
GaryVaynerchuk,idea_hotel
GaryVaynerchuk,Shoemate
IndraNooyi,Hooper
IndraNooyi,Mema
AdamGrant,Cooper
GaryVaynerchuk,Chotam
AdamGrant,Bueno
GaryVaynerchuk,idea_hotel
AdamGrant,Shoemate
GaryVaynerchuk,Hooper
BillGates,Beckenthal
AdamGrant,Bueno
GaryVaynerchuk,idea_hotel
IndraNooyi,Shoemate
AriannaHuffington,Hooper
IndraNooyi,Bueno
IndraNooyi,idea_hotel
GaryVaynerchuk,Shoemate
KatieCouric,Hooper
ArneSorenson,Beckenthal
BillGates,Bueno
AdamGrant,idea_hotel
SaraBlakely,Shoemate
ArneSorenson,Hooper
BillGates,Mema
GaryVaynerchuk,Bueno
GaryVaynerchuk,idea_hotel
IndraNooyi,Shoemate
IndraNooyi,Hooper
AdamGrant,Beckenthal
GaryVaynerchuk,Bueno
AdamGrant,Idea_Hotel
GaryVaynerchuk,Shoemate
AdamGrant,Hooper
GaryVaynerchuk,Mema
Beckenthal,Beckenthal
Bueno,Bueno
idea_hotel,idea_hotel
Shoemate,Shoemate
Hooper,Hooper
Mema,Mema
Cooper,Cooper
Chotam,Chotam